{
  "project_info": {
    "project_number": "37680649941",
    "project_id": "hotelia-db299",
    "storage_bucket": "hotelia-db299.appspot.com"
  },
  "client": [
    {
      "client_info": {
        "mobilesdk_app_id": "1:37680649941:android:78818d168dec263701b45c",
        "android_client_info": {
          "package_name": "com.example.bookinghotel"
        }
      },
      "oauth_client": [],
      "api_key": [
        {
          "current_key": "AIzaSyD1ffE2TPsLH1SZuGOpkQKxPQoUK4fwC-M"
        }
      ],
      "services": {
        "appinvite_service": {
          "other_platform_oauth_client": []
        }
      }
    }
  ],
  "configuration_version": "1"
}